t,date_utc,long_liq_usd,short_liq_usd
1727740800,2024-10-01,49615809.224799864,6390741.2968
1727827200,2024-10-02,7995817.826999995,6643873.224399992
1727913600,2024-10-03,8057406.350400001,5222782.108799999
1728000000,2024-10-04,2883854.1312000016,14964728.831999995
1728086400,2024-10-05,2750910.554300003,702225.5381999994
1728172800,2024-10-06,1200782.5732000005,4367309.761500002
1728259200,2024-10-07,8861801.605799992,11422565.868999988
1728345600,2024-10-08,4941396.232700012,3754432.2359000044
1728432000,2024-10-09,5981003.190400006,1342977.2176000022
1728518400,2024-10-10,22798547.129600003,3738359.279600002
1728604800,2024-10-11,2173625.457000001,9391414.668999989
1728691200,2024-10-12,1704551.6559999995,4948133.848000003
1728777600,2024-10-13,5579231.643000004,1677257.101799999
1728864000,2024-10-14,2402648.283200001,18017880.176999968
1728950400,2024-10-15,7004164.171100017,12119830.133399978
1729036800,2024-10-16,4111080.6240000054,9897293.783999994
1729123200,2024-10-17,4178286.3865000084,2487182.7515000007
1729209600,2024-10-18,1998260.2457999997,5483432.432400008
1729296000,2024-10-19,1470976.4348999995,2444996.7528000013
1729382400,2024-10-20,652585.0455000002,4539728.057400003
1729468800,2024-10-21,6758033.803199999,4606678.544000011
1729555200,2024-10-22,9823202.078399999,2902249.9584000017
1729641600,2024-10-23,7696018.772800004,2757061.3696
1729728000,2024-10-24,2069483.8727999998,6871987.213800009
1729814400,2024-10-25,14930733.96719998,4809521.03160001
1729900800,2024-10-26,611761.8877999997,2129328.4345999984
1729987200,2024-10-27,343294.6373999997,2906343.687000004
1730073600,2024-10-28,3056378.000000002,6916016.900000011
1730160000,2024-10-29,3436868.6355000054,34285690.58549995
1730246400,2024-10-30,3576645.1640000055,2959797.5899999994
1730332800,2024-10-31,19225937.138100002,3012871.4836000004
1730419200,2024-11-01,9797684.076499986,7140106.661000004
1730505600,2024-11-02,1668891.0293999994,1462802.8608
1730592000,2024-11-03,23513543.162499916,5612051.437500006
1730678400,2024-11-04,8129398.180600007,4283532.542100009
1730764800,2024-11-05,4947234.035400002,6997866.4962000055
1730851200,2024-11-06,11353536.998099994,134518012.9787989
1730937600,2024-11-07,6178672.270599999,22370709.481799953
1731024000,2024-11-08,3323686.965400002,4872757.444200012
1731110400,2024-11-09,5086242.758500005,20412061.7465
1731196800,2024-11-10,7779908.730000012,19803535.619999975
1731283200,2024-11-11,6736653.003600009,53523934.34699968
1731369600,2024-11-12,19593387.75599996,23155901.86799994
1731456000,2024-11-13,30175438.874999974,68166836.29509944
1731542400,2024-11-14,15486486.390199972,10539751.743199995
1731628800,2024-11-15,9469572.60959999,26851342.168799896
1731715200,2024-11-16,2777854.5717999977,9027710.106800005
1731801600,2024-11-17,5985805.041700009,5811309.335800018
1731888000,2024-11-18,8491494.775399998,13013606.50899999
1731974400,2024-11-19,5878103.394000013,11224444.339900015
1732060800,2024-11-20,4368268.752000004,13727295.63199998
1732147200,2024-11-21,8079553.851600013,31790182.423999928
1732233600,2024-11-22,6923607.707400003,13300278.99420001
1732320000,2024-11-23,18079803.85300001,10695567.3475
1732406400,2024-11-24,22673130.500800014,7354670.911200018
1732492800,2024-11-25,27678815.68800002,11283544.679999987
1732579200,2024-11-26,15407419.066199994,11214463.975200005
1732665600,2024-11-27,3804751.094400002,17221504.953599997
1732752000,2024-11-28,3602798.4655999993,4735437.384000011
1732838400,2024-11-29,5693976.757000001,15563991.54520001
1732924800,2024-11-30,2853154.6073999987,3793015.0316000027
1733011200,2024-12-01,2614096.8275999976,7265508.439800004
1733097600,2024-12-02,10955969.077499986,9799337.866500016
1733184000,2024-12-03,8735975.190600004,7397505.089100008
1733270400,2024-12-04,7556725.302800007,17603580.34820003
1733356800,2024-12-05,19280600.148999974,19161579.3085
1733443200,2024-12-06,4184718.8250000044,14828755.2525
1733529600,2024-12-07,2629846.4399999995,2007674.2223999994
1733616000,2024-12-08,2128944.4000000013,5366636.000000009
1733702400,2024-12-09,46028309.41469988,12741536.953500004
1733788800,2024-12-10,12022844.896800013,8138269.188000004
1733875200,2024-12-11,3316581.839999999,15590361.415199991
1733961600,2024-12-12,12338628.019200016,6027538.966400009
1734048000,2024-12-13,2333378.394200001,5922146.397999998
1734134400,2024-12-14,3969471.6740000024,2248630.5800000015
1734220800,2024-12-15,1952469.3363999997,7008143.775600001
1734307200,2024-12-16,12975861.378400035,33215266.16559961
1734393600,2024-12-17,6822081.824400004,7275656.814000013
1734480000,2024-12-18,13654183.024500046,5549031.129000001
1734566400,2024-12-19,43545187.17919979,14668066.879200011
1734652800,2024-12-20,40898465.80279994,18685123.18559995
1734739200,2024-12-21,7051675.023600014,7590797.1810000045
1734825600,2024-12-22,15002091.116999988,3904814.1795000047
1734912000,2024-12-23,8253864.311000008,7589172.58330002
1734998400,2024-12-24,4393940.387200003,13687482.816
1735084800,2024-12-25,3684005.4790000035,5755475.94580001
1735171200,2024-12-26,8148505.850999994,3891799.39500001
1735257600,2024-12-27,10167047.7307,6267651.296600007
1735344000,2024-12-28,1066330.3654000002,6290148.891199999
1735430400,2024-12-29,3240989.300000003,1743194.8000000003
1735516800,2024-12-30,9013792.218200006,6397423.4024000075
1735603200,2024-12-31,4427950.083700005,4744051.816800006
1735689600,2025-01-01,3090241.7457000013,3797044.8114000023
1735776000,2025-01-02,3656547.4574999996,9154022.902500018
1735862400,2025-01-03,10090948.2912,4395847.757300005
1735948800,2025-01-04,1372657.6823999996,13374527.72879999
1736035200,2025-01-05,1307039.5982000004,2141062.834399999
1736121600,2025-01-06,3083804.472000003,7235291.943600016
1736208000,2025-01-07,18960905.97019994,4817617.352100008
1736294400,2025-01-08,17428816.419399973,16879349.879099995
1736380800,2025-01-09,11801255.180700023,4862480.127600013
1736467200,2025-01-10,4573016.001000006,13252676.49000001
1736553600,2025-01-11,1520659.5625,2324062.5625
1736640000,2025-01-12,11884307.424000004,941691.5034999998
1736726400,2025-01-13,12910187.936099993,15141552.7809
1736812800,2025-01-14,5506561.1046,7692430.559800005
1736899200,2025-01-15,3260630.2199999993,10910357.840000004
1736985600,2025-01-16,12144093.035800017,5952971.10580002
1737072000,2025-01-17,4763377.777500004,21750084.62499996
1737158400,2025-01-18,10730360.113700015,8375114.06180002
1737244800,2025-01-19,32701731.21599993,14647717.981500018
1737331200,2025-01-20,14331534.854000032,20311690.235200003
1737417600,2025-01-21,5258822.390999999,12479701.887000017
1737504000,2025-01-22,3225222.3688000035,2948229.7560000005
1737590400,2025-01-23,10551553.919000017,12412798.59100001
1737676800,2025-01-24,4552759.055900003,3678554.6938000014
1737763200,2025-01-25,1287834.5999999982,1953111.1080000007
1737849600,2025-01-26,6631330.945800002,1112161.7244000002
1737936000,2025-01-27,36958746.24449982,9594491.137200002
1738022400,2025-01-28,6163572.6171999965,5922324.609999995
1738108800,2025-01-29,3747756.6462,5808032.483800001
1738195200,2025-01-30,1425594.7011000004,4680418.229700005
1738281600,2025-01-31,8596618.6496,3089819.346000005
1738368000,2025-02-01,11905832.438400034,1884808.446
1738454400,2025-02-02,26329567.883999944,7563920.196000002
1738540800,2025-02-03,28118016.889299862,18100069.95929999
1738627200,2025-02-04,15885577.832099983,11524491.8654
1738713600,2025-02-05,7191861.655200005,4342576.723200004
1738800000,2025-02-06,5372995.617000007,3032311.4117999985
1738886400,2025-02-07,6995941.339500007,8745336.605999993
1738972800,2025-02-08,1551749.5305000008,2672730.6918
1739059200,2025-02-09,4711739.214000005,2949983.6183999986
1739145600,2025-02-10,2280523.4848000007,5244454.195200005
1739232000,2025-02-11,4553464.041000004,4325336.114800004
1739318400,2025-02-12,4662022.67430001,9013380.779800003
1739404800,2025-02-13,4857867.225400005,3552271.3528
1739491200,2025-02-14,2959700.0223,7598866.343100003
1739577600,2025-02-15,651261.2259999997,752700.7459999991
1739664000,2025-02-16,2672872.140999999,420965.594
1739750400,2025-02-17,5267503.634400007,1974416.2703999989
1739836800,2025-02-18,15719969.933999997,2679137.196000001
1739923200,2025-02-19,1608839.6899999995,2041019.1419999995
1740009600,2025-02-20,1837329.2299999984,12304800.184400013
1740096000,2025-02-21,18485971.937399995,16664444.360299999
1740182400,2025-02-22,243381.3225999996,3836874.7047000034
1740268800,2025-02-23,1646296.8240000012,1170881.7096
1740355200,2025-02-24,21318302.774999984,4103144.1220000084
1740441600,2025-02-25,49224571.87669969,14107355.96049999
1740528000,2025-02-26,14939851.027500007,14645458.111499986
1740614400,2025-02-27,9921746.630399989,6520290.381000017
1740700800,2025-02-28,40581996.03919987,15673908.927599968
1740787200,2025-03-01,4280775.244400001,4910695.639200001
1740873600,2025-03-02,8520379.358400002,41104036.940399945
1740960000,2025-03-03,24427355.950799964,9250200.564000001
1741046400,2025-03-04,15197101.583299957,15327621.449700003
1741132800,2025-03-05,11826302.47019998,6854042.44800001
1741219200,2025-03-06,8066800.835400001,5976190.383000018
1741305600,2025-03-07,22896149.649799947,15463604.58859997
1741392000,2025-03-08,2541069.6947999974,1672069.3647
1741478400,2025-03-09,48264328.47519998,3328413.0000000014
1741564800,2025-03-10,17360498.223599922,10490765.49499998
1741651200,2025-03-11,8805461.808000017,9776008.175999999
1741737600,2025-03-12,8775582.244000006,9597686.684299996
1741824000,2025-03-13,7754115.716600002,5155247.561200011
1741910400,2025-03-14,1841891.0314000002,5716468.25960001
1741996800,2025-03-15,913000.4069999987,1174423.6998999992
1742083200,2025-03-16,15335403.864,2671128.717599998
1742169600,2025-03-17,2986308.464300004,4689915.705300014
1742256000,2025-03-18,4165544.779000003,3624660.486700006
1742342400,2025-03-19,2538318.551999999,19566755.300399974
1742428800,2025-03-20,7621309.675200002,3031283.0688000005
1742515200,2025-03-21,2829721.450100003,2130507.0043999986
1742601600,2025-03-22,853888.1260999996,883136.0361999995
1742688000,2025-03-23,376443.37499999953,4101382.8372000027
1742774400,2025-03-24,7660306.962199999,6484973.793000009
1742860800,2025-03-25,2644421.7365999985,2747692.8401999986
1742947200,2025-03-26,4147528.9596000067,2855628.6798000005
1743033600,2025-03-27,2546418.995999998,3715740.1792000043
1743120000,2025-03-28,11798545.360000009,3505009.6704000076
1743206400,2025-03-29,7020408.2436,2131531.678799999
1743292800,2025-03-30,10750746.276000006,3215629.7816000003
1743379200,2025-03-31,6620048.955000011,5652531.267500008
1743465600,2025-04-01,3091931.5716000004,5564949.079300005
1743552000,2025-04-02,9796672.841900006,6928088.519200011
1743638400,2025-04-03,4644605.415500008,5085051.458000009
1743724800,2025-04-04,9327221.508599995,7291069.144600005
1743811200,2025-04-05,2599878.917399996,2230781.9554
1743897600,2025-04-06,12236835.780000022,4015919.700000003
1743984000,2025-04-07,19437733.679999977,23148133.439999968
1744070400,2025-04-08,9227010.238600012,4663632.8396000005
1744156800,2025-04-09,14042520.227999996,14616506.828000018
1744243200,2025-04-10,9753046.237400007,3492613.2198000015
1744329600,2025-04-11,7098828.462000008,10595881.120599994
1744416000,2025-04-12,1991069.7701999997,8926869.556199979
1744502400,2025-04-13,5334069.536600009,2613374.286599999
1744588800,2025-04-14,3825979.4211000055,4238348.791400008
1744675200,2025-04-15,4008869.9476000057,2728904.3592999983
1744761600,2025-04-16,6447408.360000002,4602987.9600000065
1744848000,2025-04-17,4168052.7750000036,3575346.0750000034
1744934400,2025-04-18,609350.7779999996,437722.8849999996
1745020800,2025-04-19,313993.15479999984,1753156.7965999993
1745107200,2025-04-20,3293764.7556000035,2877946.8563999967
1745193600,2025-04-21,3952501.0740000024,7968152.600000014
1745280000,2025-04-22,3870138.6265999954,12668506.587000001
1745366400,2025-04-23,7077463.174800008,10428462.401700018
1745452800,2025-04-24,3261211.2203999995,7001755.395599991
1745539200,2025-04-25,3114056.647800001,19196838.259200003
1745625600,2025-04-26,1403219.6609000002,3670482.9170000013
1745712000,2025-04-27,2173397.9315999984,1152568.0270999991
1745798400,2025-04-28,4504759.546000005,5247986.94000001
1745884800,2025-04-29,3597878.6194000016,2522301.877599999
1745971200,2025-04-30,4129456.387200006,10443179.844999999
1746057600,2025-05-01,1736101.5164999985,8130894.772500013
1746144000,2025-05-02,2321721.682400002,4341136.358400005
1746230400,2025-05-03,5838253.102000004,748415.3795999996
1746316800,2025-05-04,4046339.0182000003,586111.8439999996
1746403200,2025-05-05,3855576.140500008,4103018.617600003
1746489600,2025-05-06,6678059.312100016,5136730.427400003
1746576000,2025-05-07,2784245.998800001,5947619.65320001
1746662400,2025-05-08,5174411.740600003,31461860.31799997
1746748800,2025-05-09,3749143.998,7150138.490200011
1746835200,2025-05-10,859477.7375999996,7879698.604800003
1746921600,2025-05-11,5464857.477000007,2809858.827299998
1747008000,2025-05-12,10600332.756100012,6463740.320200003
1747094400,2025-05-13,2346528.69,6070062.239999997
1747180800,2025-05-14,4014381.1962000015,3585961.2041
1747267200,2025-05-15,9719500.653000006,4787668.749000005
1747353600,2025-05-16,1931429.6594000016,2862966.7570000016
1747440000,2025-05-17,3456465.1472000014,951527.7875999998
1747526400,2025-05-18,4615429.650000001,10986371.884800002
1747612800,2025-05-19,6250953.262799994,5231095.8804
1747699200,2025-05-20,4164990.299800009,8142546.424100002
1747785600,2025-05-21,5503821.823500008,13599689.10300003
1747872000,2025-05-22,2458589.3286000025,8785844.561400013
1747958400,2025-05-23,11359408.221000021,5783221.108000006
1748044800,2025-05-24,2008261.3883000002,2705719.464700003
1748131200,2025-05-25,2625837.189999998,4803429.807400002
1748217600,2025-05-26,1075600.4043999992,3262023.762800003
1748304000,2025-05-27,8101146.141400003,7051017.732200009
1748390400,2025-05-28,4456720.093200002,1698362.3945999981
1748476800,2025-05-29,6498091.642999996,3234903.4749000007
1748563200,2025-05-30,14536991.700000033,3422657.7000000025
1748649600,2025-05-31,9813297.354900017,3535910.8434000025
1748736000,2025-06-01,1919504.3940000013,3826022.042099999
1748822400,2025-06-02,2462827.8325000033,4175326.4637000025
1748908800,2025-06-03,3340333.4613000024,3034876.171299999
1748995200,2025-06-04,3128685.1782000028,2269052.791200001
1749081600,2025-06-05,12131506.260600016,12186902.656200005
1749168000,2025-06-06,1925938.239999999,6527091.839999996
1749254400,2025-06-07,178413.1824999998,2624077.0324999997
1749340800,2025-06-08,1023265.5494999996,1945293.011999999
1749427200,2025-06-09,1228049.0338999995,12282805.124900013
1749513600,2025-06-10,12870423.891600024,7038860.996200005
1749600000,2025-06-11,4439350.800000007,3086412.0000000023
1749686400,2025-06-12,213503016.6564998,2342946.7575000008
1749772800,2025-06-13,12710446.696700035,9048051.700100007
1749859200,2025-06-14,1604947.356699997,918211.5284999995
1749945600,2025-06-15,1362029.5475999992,3304710.464400004
1750032000,2025-06-16,2440307.286000001,8167663.65120002
1750118400,2025-06-17,12427568.820000034,3755703.9960000026
1750204800,2025-06-18,5641891.630400003,5211133.655200002
1750291200,2025-06-19,1974040.5840999999,1856357.5965999991
1750377600,2025-06-20,11372041.684500031,4177440.452099998
1750464000,2025-06-21,7811554.615200028,2986446.628800001
1750550400,2025-06-22,10945839.141900012,8367824.961600008
1750636800,2025-06-23,5620217.660199998,20131093.625499964
1750723200,2025-06-24,4273312.504899995,4012890.790500001
1750809600,2025-06-25,2231638.56,6291113.759999996
1750896000,2025-06-26,2527653.695400002,4657481.513100005
1750982400,2025-06-27,2539042.878900001,2132616.2402999983
1751068800,2025-06-28,82468.32900000001,1119703.280999999
1751155200,2025-06-29,1141476.9821999997,7258489.55680001
1751241600,2025-06-30,3813275.2266000006,17240321.788200002
1751328000,2025-07-01,7230597.341300004,1292374.068599998
1751414400,2025-07-02,1983097.6000000027,12618297.600000013
1751500800,2025-07-03,3450345.164400003,5984016.095200005
1751587200,2025-07-04,7339391.329200005,1689081.0745999988
1751673600,2025-07-05,304668.1277999997,650218.2407999998
1751760000,2025-07-06,816083.1466000001,3792489.1126000024
1751846400,2025-07-07,3855196.7531000027,1577721.0658999986
1751932800,2025-07-08,1960369.0385999994,4108653.0478000026
1752019200,2025-07-09,2192083.628700002,21319800.827499997
1752105600,2025-07-10,3726063.758400002,15968364.193600046
1752192000,2025-07-11,6560260.000000006,13509562.50000004
1752278400,2025-07-12,2380185.446800002,1841603.3383999993
1752364800,2025-07-13,1547855.0148999994,4217407.930700005
1752451200,2025-07-14,7604753.254999998,103701300.56649953
1752537600,2025-07-15,14090708.20300004,9216452.041500026
1752624000,2025-07-16,5716783.2842000015,9841486.420900019
1752710400,2025-07-17,5924626.315799994,9505406.439400002
1752796800,2025-07-18,64594376.492399484,6782226.202800003
1752883200,2025-07-19,2099688.2367999996,1022982.4352
1752969600,2025-07-20,2061360.5759999994,6518030.111999999
1753056000,2025-07-21,6195269.220400003,8989605.263600012
1753142400,2025-07-22,5988765.573300008,6672729.663300003
1753228800,2025-07-23,9234960.592000013,4006461.911500002
1753315200,2025-07-24,10441128.095200015,3934586.712300004
1753401600,2025-07-25,21138103.37850001,5150745.217500011
1753488000,2025-07-26,102681.49320000003,1657286.3735999996
1753574400,2025-07-27,1113026.0880000005,5132937.1554000005
1753660800,2025-07-28,8824184.857000008,4566667.641800005
1753747200,2025-07-29,6098458.119000002,3554358.756000005
1753833600,2025-07-30,6978638.375999997,3551973.3600000073
1753920000,2025-07-31,11661362.26160001,2345184.2710000016
1754006400,2025-08-01,18136947.433600042,3454985.603200006
1754092800,2025-08-02,5653904.7264000075,2003669.219199998
1754179200,2025-08-03,778508.4560000004,5176738.780000001
1754265600,2025-08-04,1938360.3955,4734866.461200003
1754352000,2025-08-05,5955459.746399999,3897073.8144000038
1754438400,2025-08-06,1950893.5929999992,5022461.936000003
1754524800,2025-08-07,1901850.120299999,7358587.7131
1754611200,2025-08-08,2439628.6876000003,3000260.444999997
1754697600,2025-08-09,1943317.693199999,4184675.9623999996
1754784000,2025-08-10,3060448.7639000006,4587989.9015999995
1754870400,2025-08-11,11523213.179400003,11049357.430800043
1754956800,2025-08-12,2727159.590999998,5837497.653000004
1755043200,2025-08-13,4572480.240300001,17502991.155300047
1755129600,2025-08-14,11053635.582600033,4900547.979000001
1755216000,2025-08-15,10930890.556800008,1971815.189599999
1755302400,2025-08-16,719935.0391999998,611757.0558000001
1755388800,2025-08-17,5333847.5638,1242307.3268000002
1755475200,2025-08-18,9534258.583200023,3282767.6180000002
1755561600,2025-08-19,22485186.114799995,2147495.8227999997
1755648000,2025-08-20,5543463.526499999,4915707.658500006
1755734400,2025-08-21,5762788.052400005,1388345.858999999
1755820800,2025-08-22,5398443.447499997,8044418.360000005
1755907200,2025-08-23,4436018.740800004,1372410.6045000004
1755993600,2025-08-24,4950569.639400006,1804476.8477999982
1756080000,2025-08-25,15532782.000000069,7303516.848000001
1756166400,2025-08-26,3259806.5919000064,6578149.171400004
1756252800,2025-08-27,4190157.416700006,3482401.878200002
1756339200,2025-08-28,5738547.3438,3700365.0970000047
1756425600,2025-08-29,10625783.45400004,2600735.9268000014
1756512000,2025-08-30,3175186.890500006,1011013.4383999999
1756598400,2025-08-31,4130206.4195999973,2915891.7548000044
1756684800,2025-09-01,8131222.913000012,6863878.957699995
1756771200,2025-09-02,5175356.647999999,5934437.123999996
1756857600,2025-09-03,2603683.216399999,5381220.741399999
1756944000,2025-09-04,6244753.106800005,4774266.5984000005
1757030400,2025-09-05,5241708.266300005,5968558.774200001
1757116800,2025-09-06,1648174.7644999996,392191.80329999974
1757203200,2025-09-07,870169.3839999993,1691909.6319999998
1757289600,2025-09-08,3110701.9146000016,5096909.3378
1757376000,2025-09-09,7474953.296000002,2124073.095000001
1757462400,2025-09-10,2653795.4400000037,6396216.494399998
1757548800,2025-09-11,1427370.2819999992,6308200.977000003
1757635200,2025-09-12,2221334.2952,21082669.53040001
1757721600,2025-09-13,1994228.7924000008,1455467.2373999984
1757808000,2025-09-14,4330628.689999993,1778496.769999999
1757894400,2025-09-15,4452447.969599999,2652605.603599999
1757980800,2025-09-16,2144414.4063999993,2567039.6323999986
1758067200,2025-09-17,5425753.329999996,6151755.722499999
1758153600,2025-09-18,1589326.2522000014,4357365.752700006
1758240000,2025-09-19,8022256.8425000105,614483.0314999998
1758326400,2025-09-20,948817.9293999986,909852.3380999995
1758412800,2025-09-21,1726491.477099996,1179828.6876999987
1758499200,2025-09-22,26176088.56199995,5615934.2031000005
1758585600,2025-09-23,9278279.307000028,1757791.7939999984
1758672000,2025-09-24,3121166.986000004,2412423.4539999994
1758758400,2025-09-25,11597493.673500024,2435339.681999998
1758844800,2025-09-26,6631090.5465,4393293.3765
1758931200,2025-09-27,808790.0513000005,453869.17659999966
1759017600,2025-09-28,831591.0731999999,5562477.595200004
1759104000,2025-09-29,2417108.9505000017,7277948.755800004
1759190400,2025-09-30,5318489.430400006,7560193.171200008
1759276800,2025-10-01,2946382.7972000027,38601609.85919973
1759363200,2025-10-02,4748047.551700002,14382937.112700032
1759449600,2025-10-03,10512966.056100009,14869878.955400014
1759536000,2025-10-04,3332628.768000003,2474391.2199999993
1759622400,2025-10-05,6211325.250799993,6089749.951299983
1759708800,2025-10-06,3416690.3275000006,9847147.042000014
1759795200,2025-10-07,15452749.105500048,6289917.889999991
1759881600,2025-10-08,5432678.712499998,15234373.275000023
1759968000,2025-10-09,12855795.182000032,4882259.950100008
1760054400,2025-10-10,102496843.45539981,18022661.65040001
1760140800,2025-10-11,15979454.003700033,7366558.483800003
1760227200,2025-10-12,12095622.854400013,9273701.496000024
1760313600,2025-10-13,5021641.525599989,5327724.067700002
1760400000,2025-10-14,16883169.234000023,7958013.953000008
1760486400,2025-10-15,9746825.552000022,4438144.308000001
1760572800,2025-10-16,12263604.030400043,6057192.729200005
1760659200,2025-10-17,18093085.04520005,15035338.566800013
1760745600,2025-10-18,2707609.047500003,3980164.947499999
1760832000,2025-10-19,3817347.8610000038,9475231.812000003
1760918400,2025-10-20,6346385.285100004,5775366.372
1761004800,2025-10-21,12780973.090500027,10859036.900700018
1761091200,2025-10-22,7204428.935999999,5114867.112
1761177600,2025-10-23,4134333.2184000015,6327589.509000009
1761264000,2025-10-24,5433642.741800006,7512357.579999992
1761350400,2025-10-25,1041575.4595999994,1392635.7119999991
1761436800,2025-10-26,1457671.4918,5522801.382999993
1761523200,2025-10-27,5396828.827400002,5373103.494600004
1761609600,2025-10-28,8591706.857500037,3577160.4505000035
1761696000,2025-10-29,10127694.019200016,5559882.0656
1761782400,2025-10-30,14844766.329500027,6105520.082499999
1761868800,2025-10-31,6340628.737500003,16374872.287199996
1761955200,2025-11-01,1898534.2943999995,1478043.9431999992
1762041600,2025-11-02,1896534.4636000001,2668120.350300004
1762128000,2025-11-03,24377480.288000003,4116647.0719999983
1762214400,2025-11-04,42186484.050199665,11877293.87250002
1762300800,2025-11-05,10428038.399000032,9447401.771000009
1762387200,2025-11-06,12452889.574400032,3494334.0608000006
1762473600,2025-11-07,12320901.288400035,10112132.807200028
1762560000,2025-11-08,7191168.098800009,2459065.3184999996
1762646400,2025-11-09,5870031.918599992,8405886.544800008
1762732800,2025-11-10,6060318.663300008,6188008.054799996
1762819200,2025-11-11,12951434.26300002,3955010.6968000024
1762905600,2025-11-12,18317798.441399995,4442510.393400001
1762992000,2025-11-13,18441426.832200084,13034084.859900014
1763078400,2025-11-14,19862843.496099986,9811491.542400002
1763164800,2025-11-15,3689869.8639,4178947.4792999974
1763251200,2025-11-16,12779006.505899997,7050232.924200005
1763337600,2025-11-17,13530972.808500022,6738342.427600002
1763424000,2025-11-18,8878302.7119,10566695.701800004
1763510400,2025-11-19,13602889.4939,6921550.1782000065
1763596800,2025-11-20,19476805.57259992,8828742.731100025
1763683200,2025-11-21,40403925.4829999,19186371.818999942
1763769600,2025-11-22,4015801.9692000085,4108536.862200003
1763856000,2025-11-23,4502889.014400002,6256491.362100009
1763942400,2025-11-24,5991801.595800018,14007638.677200016
1764028800,2025-11-25,11550096.734700006,5756491.996100004
1764115200,2025-11-26,4214777.21240001,8432177.12970002
1764201600,2025-11-27,3729012.493400002,6059154.606200002
1764288000,2025-11-28,7931012.940000014,10874390.8122
1764374400,2025-11-29,2691545.3099999996,1009579.0950000002
1764460800,2025-11-30,2847356.9149999986,2631581.0015999977
1764547200,2025-12-01,21378861.431999967,8264273.8032000065
1764633600,2025-12-02,4095350.8570999997,10269994.955899999
1764720000,2025-12-03,5456654.217900005,12150829.8409
1764806400,2025-12-04,7439993.113300005,6242713.701000008
1764892800,2025-12-05,18857016.891999982,6752442.812500003
1764979200,2025-12-06,2466745.8004999994,1549442.8240999996
1765065600,2025-12-07,4767346.067200007,4754788.056600005
1765152000,2025-12-08,4142091.5004000054,4554461.2512000175
1765238400,2025-12-09,6348972.744000017,8445009.182400009
1765324800,2025-12-10,5611547.275000009,3750106.6300000064
1765411200,2025-12-11,12077746.454999993,8540759.512500012
1765497600,2025-12-12,6544623.576800011,2133478.891999999
1765584000,2025-12-13,1887523.5263999999,425342.1707999998
1765670400,2025-12-14,6460429.822000005,1204143.402
1765756800,2025-12-15,28096587.176999934,5473318.504400007
1765843200,2025-12-16,4838438.693300014,9076672.4524
1765929600,2025-12-17,7687458.688000011,6380039.020799994
1766016000,2025-12-18,9207394.371899996,7926716.387099994
1766102400,2025-12-19,4176468.600000004,6471209.300000009
1766188800,2025-12-20,493359.9887999994,756291.0103999993
1766275200,2025-12-21,1777211.5501999976,2551584.4695999995
1766361600,2025-12-22,5690741.304500003,3897408.8370000036
1766448000,2025-12-23,5779904.892000015,2435844.5499999984
1766534400,2025-12-24,2570809.727399999,4347277.980300002
1766620800,2025-12-25,2188898.5596000003,1374524.0247999998
1766707200,2025-12-26,4256325.659000007,3640121.121600002
1766793600,2025-12-27,3780880.011200003,886549.9635999996
1766880000,2025-12-28,1227282.2594999995,805439.7004999999
1766966400,2025-12-29,9902021.918300001,7884922.386000003
1767052800,2025-12-30,2509123.0398000027,5417356.393200004
1767139200,2025-12-31,5136118.333200007,3366345.085000003
1767225600,2026-01-01,978487.1999999994,2055275.9999999984
1767312000,2026-01-02,5131457.515800009,23179486.314600002
1767398400,2026-01-03,1486224.0990000013,1855854.962999999
1767484800,2026-01-04,1524250.1889000013,3731251.737999999
1767571200,2026-01-05,4804082.169600005,11522422.766400004
1767657600,2026-01-06,7945969.859999997,6775369.52400001
1767744000,2026-01-07,7438756.928000005,3638324.864
1767830400,2026-01-08,8946261.110799998,3812036.4074000074
1767916800,2026-01-09,3698348.3484000037,4731138.7848
1768003200,2026-01-10,709281.6639999995,279460.59439999977
1768089600,2026-01-11,1941544.1536,1573502.1911999993
1768176000,2026-01-12,4416717.0926000085,4661182.808000001
1768262400,2026-01-13,13664404.904000001,17795390.9416
1768348800,2026-01-14,5228084.297100004,18572302.12710001
1768435200,2026-01-15,5658635.400300011,4270807.069700007
1768521600,2026-01-16,2962333.7665999997,1765194.8871000013
1768608000,2026-01-17,829721.3195999998,948225.7629999997
1768694400,2026-01-18,6894577.486000002,892890.3319999998
1768780800,2026-01-19,8857398.904799994,2153911.8648
1768867200,2026-01-20,21253784.9418,2718187.7311999975
1768953600,2026-01-21,11033992.639799995,8313203.7378
1769040000,2026-01-22,6376760.829,1439815.5539999993
1769126400,2026-01-23,4203706.2606000025,5142997.90620001
1769212800,2026-01-24,647808.6047999993,230710.47089999972
1769299200,2026-01-25,9457017.126300003,1792611.827699999
1769385600,2026-01-26,3231801.960000004,3867566.2800000026
1769472000,2026-01-27,2255187.9774,4115675.6898000017
1769558400,2026-01-28,2292508.241099999,3095685.0176999983
1769644800,2026-01-29,24898147.953599952,2638482.174199997
1769731200,2026-01-30,12405855.025199968,8222569.51880001
1769817600,2026-01-31,24491903.31719996,7466127.048000008
1769904000,2026-02-01,12658309.009999985,5422824.503500009
1769990400,2026-02-02,9087331.207500001,10811641.2675
1770076800,2026-02-03,19137501.7476,10479395.1176
1770163200,2026-02-04,12836930.173199985,8842311.659999998
1770249600,2026-02-05,52166251.94129981,16750513.695899943
1770336000,2026-02-06,26530516.648999944,41049350.73849979
1770422400,2026-02-07,25720040.32120002,11084827.251999984
1770508800,2026-02-08,4498368.111900006,10340855.560099995
1770595200,2026-02-09,10179623.93699998,6378442.958499995
1770681600,2026-02-10,6870346.815600002,5134045.070100004
1770768000,2026-02-11,12397889.179199971,6850948.048000004
1770854400,2026-02-12,10579155.556199996,5565679.0189
1770940800,2026-02-13,3025393.140000008,8207376.8040000005
1771027200,2026-02-14,2978867.672000003,5028688.774600006
1771113600,2026-02-15,9153977.92019999,3898032.354000005
1771200000,2026-02-16,5196777.425000003,4040576.050000002
1771286400,2026-02-17,5901779.593500006,7699202.617699994
1771372800,2026-02-18,17156876.394399945,3260761.674799999
1771459200,2026-02-19,3470659.654000005,4007456.264000006
1771545600,2026-02-20,3009375.6317000035,3832604.954700005
1771632000,2026-02-21,713161.6838000003,1548331.2152
1771718400,2026-02-22,1726984.016999999,924749.8395
1771804800,2026-02-23,21104524.376999993,8365163.552000006
1771891200,2026-02-24,6242475.468299999,5984941.579700003
1771977600,2026-02-25,7386572.65500001,21036802.902499937
1772064000,2026-02-26,4893973.943799998,6333723.220999999
1772150400,2026-02-27,7353617.856000014,5988310.887999997
1772236800,2026-02-28,8652356.483100014,16701341.9468
1772323200,2026-03-01,6566123.750000011,5857141.500000003
1772409600,2026-03-02,6368225.8061999995,8364234.825999995
1772496000,2026-03-03,6854321.193900004,11174955.053099984
1772582400,2026-03-04,9878794.551600002,14869404.014399974
1772668800,2026-03-05,6028609.803200013,4653884.973600009
1772755200,2026-03-06,18461454.36299997,3494700.3900000057
1772841600,2026-03-07,3978325.0533000026,1034298.6263999994
1772928000,2026-03-08,10230827.528099995,3248253.289500001
1773014400,2026-03-09,4317172.380200011,9387705.771900006
1773100800,2026-03-10,7008783.9054,9468072.551199997
1773187200,2026-03-11,4805204.850000009,5590604.249999997
1773273600,2026-03-12,4749935.859400009,6910926.205500001
1773360000,2026-03-13,10493810.118999984,12391044.594499972
1773446400,2026-03-14,1519004.0448000003,1354092.9599999995
1773532800,2026-03-15,972689.9985,5581268.283199997
1773619200,2026-03-16,3848601.888000004,10394892.571199987
1773705600,2026-03-17,6031976.949600004,5166857.273200009
1773792000,2026-03-18,12465278.09429998,3931895.3409000044
1773878400,2026-03-19,11279057.598599998,6121507.253400006
1773964800,2026-03-20,6117382.723500009,6168968.739900016
1774051200,2026-03-21,3539958.0480000027,1131723.045
1774137600,2026-03-22,8768597.323199999,2992482.5802000016
1774224000,2026-03-23,10060548.359399987,18172355.334699966
1774310400,2026-03-24,4745905.850500011,4479043.412900004
1774396800,2026-03-25,2531560.332500005,4135397.595000006
1774483200,2026-03-26,5258292.296000008,1869313.9000000001
1774569600,2026-03-27,6592088.714400009,3417092.658000005
1774656000,2026-03-28,1965035.7803999986,2048153.2848000005
1774742400,2026-03-29,4239607.898200007,2070056.6125
1774828800,2026-03-30,5250753.002400008,6167695.272000004
1774915200,2026-03-31,4972553.38050001,7552218.563500011
1775001600,2026-04-01,4163693.734500004,4720368.958500005
1775088000,2026-04-02,10384544.31299998,4405363.648500004
1775174400,2026-04-03,2446693.0800000033,1142026.5899999994
1775260800,2026-04-04,648021.5429999998,1178184.2940000005
1775347200,2026-04-05,1540654.1091,2813941.355700001
1775433600,2026-04-06,17016533.315099966,5630405.306400003
1775520000,2026-04-07,5315489.497800005,25844455.0098
1775606400,2026-04-08,5952708.627599999,3957958.7796000037
1775692800,2026-04-09,5048501.644800001,7578994.752000002
1775779200,2026-04-10,2987936.2997999997,7580857.490999999
1775865600,2026-04-11,1997208.5436,7133482.193399996
1775952000,2026-04-12,9750919.267799998,2623735.365500003
1776038400,2026-04-13,2728441.800000001,14413953.375000007
1776124800,2026-04-14,11396010.868199987,30802903.51949993
1776211200,2026-04-15,4343973.786600002,16972253.218799997
1776297600,2026-04-16,21939973.09559995,22026195.701999996
1776384000,2026-04-17,6989525.552200009,118781185.19999981
1776470400,2026-04-18,20444077.681600004,3564731.4022000013
1776556800,2026-04-19,43241230.79199995,6140903.1088000005
1776643200,2026-04-20,5204354.586800002,27861577.611499976
1776729600,2026-04-21,16624953.408599993,22616704.924799994
1776816000,2026-04-22,7066807.232400008,40125099.859199904
1776902400,2026-04-23,6624571.876000004,7361452.348799996
1776988800,2026-04-24,9168336.479400003,2069243.4144000001
1777075200,2026-04-25,1924961.435,1664353.42
1777161600,2026-04-26,1763458.0320000004,10135559.9415
1777248000,2026-04-27,45276025.63839994,12610553.446400004
1777334400,2026-04-28,15570992.546100007,3893415.7449
1777420800,2026-04-29,30732794.928599987,17279536.938699983
1777507200,2026-04-30,3203758.5244000023,4984192.422600004
1777593600,2026-05-01,4819442.112000002,44267227.92000002
1777680000,2026-05-02,587222.5513999999,7900998.416599999
1777766400,2026-05-03,3613433.405999999,9029971.181000002
1777852800,2026-05-04,17115913.231499985,42931514.319299914
1777939200,2026-05-05,4515005.048400003,44222968.80049985
1778025600,2026-05-06,9556011.641000014,36555142.56349994
1778112000,2026-05-07,23451746.27459999,3775035.4964000024
1778198400,2026-05-08,10129372.934400009,5853974.721599999
1778284800,2026-05-09,874798.2660000001,5841852.666000003
1778371200,2026-05-10,5990672.152300003,28383602.336100005
1778457600,2026-05-11,12870140.922100002,12148165.975400005
1778544000,2026-05-12,18081195.920000006,4941753.697999998
1778630400,2026-05-13,31777482.027199976,4253262.276899998
1778716800,2026-05-14,7072894.356300001,18681042.009900004
1778803200,2026-05-15,24798080.843999967,2926607.814000001
1778889600,2026-05-16,53654695.54459993,1999233.2073999993
1778976000,2026-05-17,54207397.0016,4792322.3168
1779062400,2026-05-18,25972617.177599996,8958439.516800007
1779148800,2026-05-19,5744094.920700006,4025005.9591
1779235200,2026-05-20,4566364.303900003,8686811.851900006
1779321600,2026-05-21,7325766.5902,14849222.818000004
1779408000,2026-05-22,34442204.52789997,2080763.4705000005
1779494400,2026-05-23,62707081.195199944,56407765.97759998
1779580800,2026-05-24,21860659.927899994,6453444.473400001
1779667200,2026-05-25,2783911.4745000005,7523122.180500003
1779753600,2026-05-26,21758767.007999998,8124013.854000008
1779840000,2026-05-27,36035550.98109994,7968466.893700004
1779926400,2026-05-28,79231076.93899973,8804695.870200006
1780012800,2026-05-29,14030587.027799997,21101649.259599976
1780099200,2026-05-30,1887558.2375999999,1695161.2736000007
1780185600,2026-05-31,3902441.148799999,2763615.370400001
1780272000,2026-06-01,97521288.74049993,4190681.0499999993
1780358400,2026-06-02,287334108.33000106,23236186.75999997
1780444800,2026-06-03,89628914.59369974,12575725.089499973
1780531200,2026-06-04,154293057.03760096,44313046.38539987
1780617600,2026-06-05,139798961.1199998,65064829.5439999
1780704000,2026-06-06,14335702.522400009,15074113.631900009
1780790400,2026-06-07,14382685.17,96306705.49649996
1780876800,2026-06-08,9920710.233299997,16649114.279100018
1780963200,2026-06-09,38698312.13999991,13034179.260000004
1781049600,2026-06-10,17374248.397099968,17755754.755599964
1781136000,2026-06-11,5610479.542200004,23201976.671699986
1781222400,2026-06-12,7520151.980000011,11726073.72199999
1781308800,2026-06-13,830415.0161999998,11731391.656599997
1781395200,2026-06-14,7758038.265900007,45914795.64929994
1781481600,2026-06-15,8216535.020399997,32549691.19499998
1781568000,2026-06-16,20653101.331199974,7501493.875200005
1781654400,2026-06-17,32972601.572199922,16564764.305400003
1781740800,2026-06-18,35690738.29229993,5265048.219300007
1781827200,2026-06-19,7231862.199000008,6559136.739800004
1781913600,2026-06-20,4839723.810000004,12480784.109999992
1782000000,2026-06-21,7784946.171000006,3107966.1938999984
1782086400,2026-06-22,15612073.035200002,31872110.8356
1782172800,2026-06-23,29752781.681699965,5013416.222100004
1782259200,2026-06-24,110956099.26239993,28462252.59359998
1782345600,2026-06-25,113550830.21839994,22753070.313499954
1782432000,2026-06-26,24324234.0959999,30122143.24799992
1782518400,2026-06-27,7341216.7059,6315931.579500008
1782604800,2026-06-28,18448294.65879999,2371348.5141999996
1782691200,2026-06-29,11413724.919300009,18298552.39859998
1782777600,2026-06-30,29435148.203999955,4270516.892600003
1782864000,2026-07-01,20302784.647199918,33140059.06479999
1782950400,2026-07-02,7211696.751600004,29623614.00019997
1783036800,2026-07-03,4182503.675000001,20619211.310999975
1783123200,2026-07-04,2762976.599600001,12029807.109599993
1783209600,2026-07-05,3208655.672699999,13635880.065299997
1783296000,2026-07-06,20743646.39999996,28723868.02199999
1783382400,2026-07-07,12724145.195399988,14276115.83699999
1783468800,2026-07-08,21261305.545399975,3911625.0096000005
1783555200,2026-07-09,9621806.446999991,18609430.998999994
1783641600,2026-07-10,7805778.6104999995,19674674.081999972
1783728000,2026-07-11,2293764.2459999993,2068291.341
1783814400,2026-07-12,10377161.249999994,2280018.750000001
1783900800,2026-07-13,34901951.42699993,6437123.091000011
1783987200,2026-07-14,2330516.9362000013,34999493.48039994
1784073600,2026-07-15,4044505.0073999995,18072480.128999967
1784160000,2026-07-16,21398855.399999972,6008586.777000005
1784246400,2026-07-17,15779290.40009998,9137581.862400008
1784332800,2026-07-18,239007.10959999988,4840153.196199997
1784419200,2026-07-19,3127083.019200001,4036237.6383000026
1784505600,2026-07-20,13311207.633599991,30921838.40879999
1784592000,2026-07-21,4285239.9632,19565834.377599973
1784678400,2026-07-22,5811911.900000005,4434895.184
1784764800,2026-07-23,11858283.903999982,3021832.223999998
1784851200,2026-07-24,15618394.70099999,3165623.954499997
1784937600,2026-07-25,2119876.0569000007,1736871.3476000002
1785024000,2026-07-26,417485.3885999997,10763160.3387
1785110400,2026-07-27,40886961.08639999,10768114.271200001
1785196800,2026-07-28,20062663.027199965,5195426.583600005
1785283200,2026-07-29,12920273.430099994,9512415.320300004
1785369600,2026-07-30,1878915.5000000005,7874247.500000013
1785456000,2026-07-31,33804042.70319998,6859272.288000011
1785542400,2026-08-01,12617296.385100005,957268.6135000001
1785628800,2026-08-02,1402929.8000000012,7045979.150000003
1785715200,2026-08-03,15265806.332400003,14451454.742399996
1785801600,2026-08-04,3522870.990000002,9694174.621500006
1785888000,2026-08-05,2566030.4638999994,22871739.65739998
1785974400,2026-08-06,4153008.4000000022,3798522.499999999
1786060800,2026-08-07,3998757.4312,7707217.582800008
1786147200,2026-08-08,196473.64099999992,1012689.8144999999
1786233600,2026-08-09,3005390.041799998,4584596.632800003
1786320000,2026-08-10,15674271.819899982,2553799.5813000016
1786406400,2026-08-11,12942369.192,2167741.6279999996
1786492800,2026-08-12,4257239.277700006,4140355.7202999997
1786579200,2026-08-13,11350563.385700002,4040161.175600002
1786665600,2026-08-14,10894852.394999994,1452180.6750000007
1786752000,2026-08-15,762384.7048999997,647248.2834999996
1786838400,2026-08-16,6239562.7360000005,970428.1839999997
1786924800,2026-08-17,1531778.8627000006,18683741.573199995
1787011200,2026-08-18,2159550.4139999994,9997357.901999995
1787097600,2026-08-19,11756639.44000001,315194918.4099999
1787184000,2026-08-20,11858638.815000005,131630598.85169946
1787270400,2026-08-21,44241509.13599986,249108294.91900054
1787356800,2026-08-22,36310807.893999934,15976610.554500008
1787443200,2026-08-23,21438813.734999985,14334277.646699991
1787529600,2026-08-24,24435874.546999965,34888383.26399994
1787616000,2026-08-25,52300532.996199906,29865809.321999855
1787702400,2026-08-26,9293892.804000005,10249901.512200003
1787788800,2026-08-27,12695865.736500006,24454249.84979997
1787875200,2026-08-28,53077862.27969991,13498545.591000004
1787961600,2026-08-29,1112874.1616999994,2824061.8791
1788048000,2026-08-30,18153764.325600006,7504082.801400007
1788134400,2026-08-31,5930573.349600011,14499392.114400007
1788220800,2026-09-01,28560559.499899942,6173431.976
1788307200,2026-09-02,10387651.300000014,8933870.200000007
1788393600,2026-09-03,7066908.438600003,95802675.27299984
1788480000,2026-09-04,47104387.86839995,8406902.847300004
1788566400,2026-09-05,1419680.8807000003,2544668.8552999995
1788652800,2026-09-06,5169784.818,10649290.978700012
1788739200,2026-09-07,10295682.180000015,2013905.0212000012
1788825600,2026-09-08,19121651.366400022,4957831.155199999
1788912000,2026-09-09,19633958.23880001,10662622.719900018
1788998400,2026-09-10,37163133.70619993,3827244.214200002
1789084800,2026-09-11,27321712.653899964,32375413.970899973
1789171200,2026-09-12,740990.1803999993,318240.33599999984
1789257600,2026-09-13,13950245.759999994,3450387.820000002
1789344000,2026-09-14,8339894.949600004,24720279.556500006
1789430400,2026-09-15,85771337.34569973,11269450.293299995
1789516800,2026-09-16,12591128.157800006,11228973.960599992
1789603200,2026-09-17,4592473.0797999995,10063995.096800007
1789689600,2026-09-18,4749083.99,79770540.8699998
1789776000,2026-09-19,4604841.7152,9924143.808000019
1789862400,2026-09-20,13199272.493500004,6618989.066900001
1789948800,2026-09-21,7865328.580200009,170117795.00039962
1790035200,2026-09-22,15267217.761399973,16087533.79200002
1790121600,2026-09-23,36463166.81579995,8374521.2627000045
1790208000,2026-09-24,24047812.359999962,14859666.249999983
1790294400,2026-09-25,17760024.127999987,10115130.928000007
1790380800,2026-09-26,1641137.7652000005,2959264.101300001
1790467200,2026-09-27,3273294.6672000033,5248095.765300002
1790553600,2026-09-28,31822844.689999875,16434806.275999995
1790640000,2026-09-29,10286649.745000007,8451844.590500012
1790726400,2026-09-30,10570221.273700014,19030961.59139998
